Bing Crosby and Dean Martin!,9781986582223,Steven,King,03/17/2018,Drama
Bing Crosby and Elvis Presley!,9781986559386,Steven,King,03/16/2018,Drama
Blue the Black Fish,9781450208314,Steven,King,06/05/1920,Biography|Autobiography
Dean Martin and Frank Sinatra : 20th Anniversary,9781986376402,Steven,King,03/11/2018,Drama
John Wayne and Elvis Presley!,9781986036870,Steven,King,02/27/2018,Drama
Making Sense of the Industrial Revolution,9780719050220,Steven,King,07/06/2001,Business|Economics
Martin Luther King and JFK,9781983806001,Steven,King,01/13/2018,Drama
Martin Luther King and Malcolm X,9781983804854,Steven,King,01/13/2018,Drama
Martin Luther King and Richard Nixon,9781983841361,Steven,King,01/14/2018,Drama
Money in the Mattre$$,9781434350725,Steven,King,12/01/2007,Business|Economics
Running in the Zone,1412068576,Steven,King,02/09/2000,Running
"Sickness, Medical Welfare and the English Poor, 1750-1834",9781526129000,King,Steven,06/15/2004,England
Steve Mcqueen and Natalie Wood!,9781717038586,Steven,King,04/15/2018,Drama
Taylor Swift,9781388651121,Steven,King,04/24/2018,Performing|Arts
The Big Bopper - Diamond Anniversary,9781364070274,Steven,King,01/09/2019,Biography|Autobiography
The Civil War and the Firearms Trade,9780692610558,Steven,King,03/15/2016,Drama
The King,451239784,Steven,James,02/01/1920,Fiction
"Women, Welfare and Local Politics 1880-1920",9781845194130,Steven,King,04/07/2010,History
"Writing the Lives of the English Poor, 1750s-1830s",773556508,Steven,King,02/28/2019,History
